DB_ID,Vaistas,ATC,Stiprumas
147,Diovan,C09CA03,160mg
91,Foster,R03AK07,100µg+6µg/dozëje
179,Nebilet,C07AB12,5mg
179,Crestor,C10AA07,5mg
94,Olmetec,C09CA08,40mg
522,Byol,C07AB07,5mg
522,Perindopril BMM Pharma,C09AA04,8mg
522,Glumetsan,A10BA02,850mg
522,Diaprel,A10BB09,80mg
336,Prenewel,C09BA04,"4mg+1,25mg"
234,TRIVERAM,C10BX11,10 mg/5 mg/5 mg
690,Betaloc ZOK,C07AB02,50mg
690,Omacor,C10AX06,1000mg
690,TENAXUM,C02AC06,1mg
428,PRESTARIUM,C09AA04,5mg
334,Nebilet,C07AB12,5mg
334,PRESTERAM,C09BB,10mg+10mg
247,Formetic,A10BA02,850mg
247,Ampril,C09AA05,10mg
247,DIAPREL MR,A10BB09,30mg
247,Abaran,C10AA05,20mg
114,Perindopril 1A Pharma,C09AA04,4mg
319,Alotendin,C07FB07,5 mg/5 mg
319,Cosimprel,C09BX02,5 mg/10 mg
319,Crestor,C10AA07,10mg
185,Crismel,A02BC01,20mg
546,Betaloc ZOK,C07AB02,50mg
37,Betaloc ZOK,C07AB02,50mg
37,Agen,C08CA01,10mg
37,NOLITERAX,C09BA04,"10mg+2,5mg"
190,Nebilet,C07AB12,5mg
190,Triplixam,C09BX01,"10 mg/2,5 mg/10 mg"
463,Nebilet,C07AB12,5mg
4,Zofistar,C09AA15,30mg
57,Noliprel forte,C09BA04,"5mg+1,25mg"
560,Nebilet,C07AB12,5mg
560,Noliprel forte,C09BA04,"5mg+1,25mg"
630,EUVASCOR,C10BX15,20 mg/5 mg
630,Betaloc ZOK,C07AB02,50mg
515,Formetic,A10BA02,1000mg
515,Agen,C08CA01,10mg
515,TENAXUM,C02AC06,1mg
515,DIAPREL MR,A10BB09,30mg
50,TRIVERAM,C10BX11,20 mg/10 mg/10 mg
393,Alotendin,C07FB07,5 mg/5 mg
610,Atoris,C10AA05,10mg
610,PRESTARIUM,C09AA04,5mg
452,Nebilet,C07AB12,5mg
452,TRIVERAM,C10BX11,10 mg/5 mg/5 mg
543,Omacor,C10AX06,1000mg
693,Ampril,C09AA05,10mg
693,Agen,C08CA01,10mg
61,Foster,R03AK07,100µg+6µg/dozëje
104,Micardis,C09CA07,80mg
104,Lacipil,C08CA09,6mg
104,Seretide Diskus,R03AK06,50µg+250µg/dozëje
104,Salbutamol GSK,R03AC02,100µg/dozëje
49,TRIVERAM,C10BX11,20 mg/10 mg/10 mg
207,Roswera,C10AA07,15mg
207,Cosimprel,C09BX02,10 mg/10 mg
695,Canocombi,C09DA06,"16 mg/12,5 mg"
673,Nebilet,C07AB12,5mg
673,PRESTARIUM,C09AA04,5mg
454,Diaprel,A10BB09,60mg
454,Formetic,A10BA02,850mg
158,TRIVERAM,C10BX11,20 mg/5 mg/5 mg
154,Zofistar,C09AA15,30mg
503,Valsacombi,C09DA03,"320 mg/12,5 mg"
503,Spirix,C03DA01,50mg
330,Formetic,A10BA02,850mg
330,Nebilet,C07AB12,5mg
330,Ampril,C09AA05,5mg
482,Crestor,C10AA07,10mg
372,Nebilet,C07AB12,5mg
322,Glumetsan,A10BA02,850mg
322,Ampril,C09AA05,10mg
310,Zofistar,C09AA15,30mg
310,Crestor,C10AA07,10mg
186,Abaran,C10AA05,10mg
510,Crestor,C10AA07,10mg
445,TRIVERAM,C10BX11,10 mg/5 mg/5 mg
445,Cosimprel,C09BX02,10 mg/5 mg
637,PRESTARIUM,C09AA04,10mg
637,Formetic,A10BA02,500mg
360,Tarka,C08DA51,180mg+2mg
360,Atoris,C10AA05,10mg
501,Abaran,C10AA05,10mg
236,Humalog Mix 25,A10AB04,100V/ml
236,Humalog,A10AB04,100V/ml
236,Berlipril,C09AA02,20mg
99,L-Thyroxin Berlin-Chemie,H03AA01,125µg
32,Roswera,C10AA07,15mg
568,Nebilet,C07AB12,5mg
425,Abaran,C10AA05,20mg
11,Zofistar,C09AA15,30mg
111,Betaloc ZOK,C07AB02,50mg
111,Atoris,C10AA05,20mg
628,Triplixam,C09BX01,"10 mg/2,5 mg/10 mg"
96,Crestor,C10AA07,5mg
374,Sanoral,C09DB02,40mg+5mg
537,Prenewel,C09BA04,"8 mg/2,5 mg"
537,Betaloc ZOK,C07AB02,47.5mg
537,Januvia,A10BH01,50mg
537,Metforal,A10BA02,1000mg
531,Triplixam,C09BX01,"5 mg/1,25 mg/5 mg"
132,PRESTARIUM,C09AA04,5mg
156,Atoris,C10AA05,10mg
621,Sortis,C10AA05,20mg
123,Nebilet Plus,C07BB,"5mg+12,5mg"
123,COZAAR,C09CA01,50mg
239,Perindobax,C09AA04,4mg
516,TRIVERAM,C10BX11,20 mg/5 mg/5 mg
516,Formetic,A10BA02,1000mg
516,Diaprel,A10BB09,60mg
516,Alotendin,C07FB07,10 mg/5 mg
297,Valsacombi,C09DA03,"160mg+12,5mg"
663,Noliprel forte,C09BA04,"5mg+1,25mg"
663,Coverex,C09AA04,4mg
539,Cynt,C02AC05,"0,4mg N30; N100"
539,Roxiper,C10BX13,"20 mg/8 mg/2,5 mg"
681,L-Thyroxin Berlin-Chemie,H03AA01,100µg
138,Crestor,C10AA07,5mg
27,Perindobax,C09AA04,4mg
357,Triplixam,C09BX01,"5 mg/1,25 mg/10 mg"
208,Atoris,C10AA05,30mg
275,Zofistar,C09AA15,30mg
275,Crestor,C10AA07,10mg
576,Triplixam,C09BX01,"5 mg/1,25 mg/5 mg"
672,Zofistar,C09AA15,30mg
439,Bisoblock,C07AB07,5mg
439,Perindopril Actavis,C09AA04,4mg
277,Nebilet Plus,C07BB,"5mg+12,5mg"
285,PRESTARIUM,C09AA04,5mg
285,Nebilet,C07AB12,5mg
432,Byol,C07AB07,5mg
649,Romazic,C10AA07,10mg
649,Byol,C07AB07,10mg
649,NORTIVAN,C09CA03,160mg
119,Crestor,C10AA07,5mg
494,Eltroxin,H03AA01,100µg
494,Amitriptylinum,N06AA09,10mg
331,Kinzalkomb,C09DA07,"80mg+12,5mg"
396,Betaloc ZOK,C07AB02,47.5mg
396,Viacoram,C09BB04,7 mg/5 mg
679,Canocombi,C09DA06,"32 mg/12,5 mg"
455,Indapamide Actavis,C03BA11,"1,5mg"
455,Ravalsyo,C10BX10,10 mg/160 mg
455,Nebicard,C07AB12,5mg
164,Bisoblock,C07AB07,5mg
52,PRESTERAM,C09BB,5mg+10mg
