DB_ID,Vizitas,Amzius,Lytis,Ugis,Svoris,SistolinisAks,DiastolinisAks,rukymas,mityba,fizinis
3,2022,54,Vyrai,178,109,130,80,Rûko dabar,TAIP,TAIP
4,2020,59,Moterys,162,88,140,75,Nerûkë anksèiau,NE,NE
5,2020,43,Vyrai,188,120,130,70,Nerûkë anksèiau,NE,NE
6,2020,57,Moterys,165,85,130,80,Nerûkë anksèiau,NE,NE
9,2021,63,Moterys,158,68,125,70,Nerûkë anksèiau,NE,TAIP
10,2021,52,Moterys,166,59,132,67,Rûko dabar,NE,NE
11,2021,48,Vyrai,184,120,136,80,Nerûkë anksèiau,TAIP,TAIP
12,2021,59,Moterys,172,99,130,80,Nerûkë anksèiau,NE,NE
13,2022,53,Moterys,162,61,130,80,Nerûkë anksèiau,NE,NE
16,2020,53,Vyrai,172,66,134,100,Rûko dabar,NE,TAIP
20,2021,53,Vyrai,182,88,135,80,Rûko dabar,NE,NE
22,2022,51,Moterys,167,80,120,80,Nerûkë anksèiau,TAIP,TAIP
24,2020,60,Moterys,168,88,110,68,Nerûkë anksèiau,TAIP,TAIP
26,2020,52,Moterys,168,68,120,70,Nerûkë anksèiau,NE,NE
27,2022,41,Vyrai,182,110,120,70,Nerûkë anksèiau,TAIP,TAIP
32,2021,47,Vyrai,188,92,120,80,Nerûkë anksèiau,NE,NE
33,2021,50,Moterys,175,72,142,85,Nerûkë anksèiau,NE,NE
37,2020,60,Moterys,168,100,128,80,Nerûkë anksèiau,TAIP,TAIP
41,2021,44,Vyrai,172,83,130,80,Nerûkë anksèiau,TAIP,NE
42,2020,51,Moterys,160,82,120,80,Nerûkë anksèiau,TAIP,TAIP
43,2022,42,Vyrai,186,94,139,85,Rûkë anksèiau,TAIP,TAIP
47,2021,54,Vyrai,175,89,150,90,Nerûkë anksèiau,TAIP,TAIP
49,2020,53,Vyrai,180,107,128,83,Nerûkë anksèiau,TAIP,TAIP
50,2020,60,Moterys,175,87,141,81,Nerûkë anksèiau,TAIP,TAIP
52,2020,53,Vyrai,176,86,130,84,Rûko dabar,TAIP,TAIP
57,2020,56,Moterys,168,83,120,85,Nerûkë anksèiau,NE,NE
58,2020,52,Moterys,161,55,145,96,Rûkë anksèiau,NE,NE
61,2020,51,Moterys,165,47,100,74,Nerûkë anksèiau,NE,TAIP
62,2022,60,Moterys,167,90,130,80,Nerûkë anksèiau,TAIP,TAIP
64,2021,50,Vyrai,175,100,130,80,Nerûkë anksèiau,TAIP,NE
66,2022,56,Moterys,167,79,124,85,Nerûkë anksèiau,TAIP,TAIP
68,2020,51,Moterys,160,84,118,72,Nerûkë anksèiau,TAIP,NE
74,2020,56,Moterys,160,76,129,79,Nerûkë anksèiau,NE,TAIP
76,2020,59,Moterys,166,58,120,70,Nerûkë anksèiau,NE,NE
78,2021,40,Vyrai,182,90,124,80,Nerûkë anksèiau,NE,NE
84,2020,45,Vyrai,174,120,130,90,Rûkë anksèiau,TAIP,NE
85,2022,56,Moterys,163,60,120,80,Nerûkë anksèiau,NE,NE
90,2021,49,Vyrai,182,99,115,80,Rûko dabar,NE,NE
91,2020,51,Moterys,172,70,120,80,Nerûkë anksèiau,TAIP,TAIP
94,2020,50,Vyrai,185,112,149,92,Nerûkë anksèiau,NE,TAIP
95,2022,52,Moterys,176,87,120,80,Nerûkë anksèiau,NE,NE
96,2021,42,Vyrai,184,93,130,80,Rûko dabar,NE,NE
97,2022,51,Vyrai,186,120,136,95,Rûko dabar,TAIP,TAIP
99,2021,53,Moterys,168,66,130,80,Rûkë anksèiau,NE,NE
100,2022,41,Vyrai,181,97,142,92,Rûko dabar,NE,NE
102,2022,51,Moterys,168,60,110,70,Nerûkë anksèiau,NE,NE
104,2020,54,Moterys,175,82,135,85,Nerûkë anksèiau,NE,NE
106,2021,43,Vyrai,178,89,120,70,Nerûkë anksèiau,NE,NE
107,2021,54,Moterys,168,68,130,70,Nerûkë anksèiau,TAIP,NE
108,2022,56,Moterys,168,73,124,78,Rûko dabar,NE,NE
109,2022,51,Vyrai,170,70,110,70,Nerûkë anksèiau,NE,NE
110,2022,50,Moterys,160,65,142,82,Nerûkë anksèiau,NE,TAIP
111,2021,50,Moterys,169,82,140,80,Nerûkë anksèiau,NE,NE
113,2020,52,Moterys,164,71,130,80,Nerûkë anksèiau,TAIP,TAIP
114,2020,52,Vyrai,178,72,145,90,Rûko dabar,TAIP,TAIP
118,2022,55,Moterys,166,79,134,91,Nerûkë anksèiau,NE,NE
119,2020,53,Vyrai,176,61,110,70,Rûkë anksèiau,NE,NE
123,2022,52,Moterys,167,138,145,90,Nerûkë anksèiau,TAIP,TAIP
127,2021,51,Moterys,164,60,130,70,Nerûkë anksèiau,NE,NE
132,2021,54,Moterys,152,74,150,100,Nerûkë anksèiau,TAIP,TAIP
134,2020,60,Moterys,170,67,130,82,Nerûkë anksèiau,TAIP,TAIP
135,2022,61,Moterys,164,102,128,81,Nerûkë anksèiau,TAIP,TAIP
138,2021,60,Moterys,165,95,120,80,Rûko dabar,TAIP,TAIP
141,2022,64,Moterys,163,80,193,116,Nerûkë anksèiau,TAIP,TAIP
147,2020,53,Moterys,173,70,120,80,Nerûkë anksèiau,TAIP,TAIP
148,2020,43,Vyrai,177,85,137,94,Nerûkë anksèiau,NE,NE
151,2020,43,Vyrai,168,85,135,85,Nerûkë anksèiau,TAIP,TAIP
154,2021,61,Moterys,161,78,150,85,Nerûkë anksèiau,NE,TAIP
156,2021,57,Moterys,154,57,125,80,Nerûkë anksèiau,NE,NE
158,2021,58,Moterys,167,88,140,80,Nerûkë anksèiau,TAIP,TAIP
161,2021,55,Moterys,183,82,130,90,Nerûkë anksèiau,NE,NE
164,2020,43,Vyrai,172,87,150,80,Nerûkë anksèiau,TAIP,NE
167,2020,51,Moterys,166,67,130,80,Nerûkë anksèiau,TAIP,NE
171,2022,51,Moterys,156,71,135,85,Nerûkë anksèiau,TAIP,TAIP
172,2021,58,Moterys,160,76,120,86,Nerûkë anksèiau,TAIP,TAIP
174,2020,50,Vyrai,172,91,130,80,Nerûkë anksèiau,TAIP,TAIP
178,2021,52,Moterys,158,63,169,87,Nerûkë anksèiau,NE,NE
179,2020,51,Vyrai,188,108,150,100,Rûko dabar,NE,NE
183,2021,48,Vyrai,182,85,158,108,Rûko dabar,NE,NE
184,2021,59,Moterys,173,82,135,67,Nerûkë anksèiau,NE,NE
185,2020,53,Vyrai,176,77,130,80,Nerûkë anksèiau,NE,NE
186,2021,42,Vyrai,183,87,127,70,Nerûkë anksèiau,TAIP,NE
189,2020,50,Moterys,168,74,132,82,Nerûkë anksèiau,NE,NE
190,2020,55,Moterys,158,104,130,80,Nerûkë anksèiau,TAIP,TAIP
193,2021,58,Moterys,156,76,100,60,Nerûkë anksèiau,TAIP,TAIP
197,2020,54,Vyrai,181,100,136,95,Nerûkë anksèiau,TAIP,TAIP
201,2020,63,Moterys,162,70,140,90,Nerûkë anksèiau,TAIP,TAIP
203,2021,45,Vyrai,176,80,143,78,Rûkë anksèiau,NE,TAIP
205,2020,64,Moterys,170,75,140,80,Rûko dabar,TAIP,NE
207,2021,64,Moterys,160,69,130,78,Nerûkë anksèiau,NE,TAIP
208,2022,54,Moterys,154,65,134,80,Nerûkë anksèiau,TAIP,TAIP
209,2021,53,Moterys,175,72,120,80,Nerûkë anksèiau,NE,NE
210,2020,45,Vyrai,187,94,128,76,Rûko dabar,TAIP,TAIP
212,2020,54,Moterys,164,68,120,80,Rûko dabar,NE,NE
213,2020,60,Moterys,153,68,145,80,Nerûkë anksèiau,NE,NE
214,2021,51,Moterys,166,75,130,80,Rûko dabar,TAIP,TAIP
215,2021,48,Vyrai,176,81,130,80,Rûko dabar,TAIP,NE
219,2022,52,Moterys,158,80,120,80,Nerûkë anksèiau,NE,NE
220,2022,54,Moterys,158,70,130,80,Rûko dabar,NE,NE
221,2022,41,Vyrai,176,120,140,100,Nerûkë anksèiau,TAIP,TAIP
223,2020,55,Moterys,170,58,110,70,Nerûkë anksèiau,NE,NE
224,2021,42,Vyrai,180,80,130,90,Rûko dabar,NE,NE
225,2021,42,Vyrai,178,87,120,80,Rûko dabar,TAIP,TAIP
232,2020,53,Vyrai,174,69,125,80,Nerûkë anksèiau,NE,NE
234,2020,64,Moterys,160,51,142,80,Nerûkë anksèiau,NE,NE
236,2021,59,Moterys,173,86,146,90,Nerûkë anksèiau,NE,TAIP
237,2020,40,Vyrai,179,80,150,100,Nerûkë anksèiau,TAIP,TAIP
239,2022,57,Moterys,158,62,160,100,Nerûkë anksèiau,NE,TAIP
242,2022,49,Vyrai,184,104,120,70,Rûko dabar,NE,NE
243,2021,44,Vyrai,180,77,130,80,Nerûkë anksèiau,NE,NE
244,2020,52,Vyrai,164,64,129,82,Rûko dabar,TAIP,NE
246,2020,53,Moterys,168,93,150,90,Rûko dabar,TAIP,NE
247,2020,64,Moterys,157,77,130,75,Nerûkë anksèiau,TAIP,TAIP
251,2020,49,Vyrai,180,84,130,80,Nerûkë anksèiau,TAIP,NE
252,2020,54,Vyrai,182,86,130,80,Nerûkë anksèiau,NE,NE
253,2021,63,Moterys,168,76,130,78,Nerûkë anksèiau,TAIP,TAIP
255,2020,47,Vyrai,183,78,148,75,Rûko dabar,NE,NE
256,2022,50,Moterys,159,53,122,74,Nerûkë anksèiau,TAIP,TAIP
263,2021,62,Moterys,162,84,125,70,Nerûkë anksèiau,NE,TAIP
266,2020,59,Moterys,168,64,135,86,Nerûkë anksèiau,NE,NE
268,2021,50,Moterys,168,88,128,86,Rûko dabar,TAIP,TAIP
271,2021,61,Moterys,164,90,130,85,Nerûkë anksèiau,NE,NE
274,2021,53,Moterys,164,98,126,88,Nerûkë anksèiau,TAIP,TAIP
275,2022,62,Moterys,165,65,120,80,Rûko dabar,NE,NE
277,2022,51,Vyrai,160,87,153,95,Nerûkë anksèiau,TAIP,NE
278,2020,53,Moterys,180,74,105,65,Nerûkë anksèiau,NE,NE
285,2022,45,Vyrai,174,92,128,85,Nerûkë anksèiau,TAIP,NE
289,2020,61,Moterys,157,54,120,80,Nerûkë anksèiau,TAIP,TAIP
293,2021,41,Vyrai,190,106,130,84,Nerûkë anksèiau,NE,NE
294,2021,53,Vyrai,183,88,130,80,Rûko dabar,NE,NE
295,2021,64,Moterys,153,91,150,92,Nerûkë anksèiau,TAIP,NE
297,2022,54,Moterys,160,85,126,86,Nerûkë anksèiau,TAIP,NE
300,2021,55,Moterys,168,73,174,96,Rûko dabar,NE,TAIP
302,2021,51,Vyrai,188,90,140,90,Rûko dabar,TAIP,TAIP
303,2022,60,Moterys,164,77,134,76,Nerûkë anksèiau,TAIP,TAIP
307,2021,48,Vyrai,191,110,130,70,Rûkë anksèiau,TAIP,TAIP
310,2021,50,Moterys,168,99,142,90,Rûko dabar,NE,TAIP
311,2022,40,Vyrai,182,95,164,102,Nerûkë anksèiau,TAIP,NE
312,2021,49,Vyrai,182,82,130,80,Nerûkë anksèiau,TAIP,NE
319,2020,54,Vyrai,174,90,140,90,Nerûkë anksèiau,TAIP,TAIP
322,2020,64,Moterys,163,95,130,85,Nerûkë anksèiau,TAIP,TAIP
323,2022,60,Moterys,171,85,120,80,Nerûkë anksèiau,NE,NE
324,2020,61,Moterys,172,62,110,80,Nerûkë anksèiau,NE,NE
325,2022,41,Vyrai,178,84,148,97,Nerûkë anksèiau,TAIP,TAIP
328,2021,63,Moterys,163,104,150,85,Nerûkë anksèiau,TAIP,TAIP
330,2021,61,Moterys,150,90,150,90,Nerûkë anksèiau,TAIP,TAIP
331,2020,56,Moterys,168,90,130,80,Nerûkë anksèiau,NE,NE
332,2022,48,Vyrai,189,107,163,101,Nerûkë anksèiau,TAIP,TAIP
333,2022,40,Vyrai,176,97,149,99,Nerûkë anksèiau,TAIP,TAIP
334,2020,54,Vyrai,174,92,140,80,Nerûkë anksèiau,TAIP,TAIP
336,2020,52,Moterys,163,64,110,70,Rûko dabar,TAIP,NE
337,2022,53,Vyrai,176,78,130,80,Rûko dabar,TAIP,TAIP
341,2022,51,Vyrai,176,124,160,90,Nerûkë anksèiau,TAIP,TAIP
342,2021,60,Moterys,167,62,120,80,Nerûkë anksèiau,NE,NE
344,2020,43,Vyrai,186,92,120,80,Nerûkë anksèiau,NE,NE
351,2022,41,Vyrai,186,92,110,60,Nerûkë anksèiau,NE,TAIP
354,2020,51,Moterys,170,63,155,78,Rûkë anksèiau,NE,NE
357,2022,62,Moterys,156,76,115,80,Nerûkë anksèiau,NE,NE
360,2021,46,Vyrai,178,88,140,90,Nerûkë anksèiau,TAIP,NE
361,2022,54,Moterys,170,73,129,74,Nerûkë anksèiau,NE,NE
372,2021,58,Moterys,167,70,130,80,Nerûkë anksèiau,TAIP,TAIP
374,2021,57,Moterys,160,95,140,80,Rûko dabar,TAIP,TAIP
375,2020,55,Moterys,156,62,120,70,Rûko dabar,NE,NE
380,2022,54,Moterys,162,83,120,70,Nerûkë anksèiau,TAIP,TAIP
384,2021,47,Vyrai,178,108,120,80,Nerûkë anksèiau,NE,TAIP
386,2021,50,Moterys,165,68,120,80,Nerûkë anksèiau,TAIP,TAIP
390,2020,46,Vyrai,176,89,140,80,Nerûkë anksèiau,TAIP,NE
393,2020,57,Moterys,162,86,160,80,Nerûkë anksèiau,NE,TAIP
396,2020,63,Moterys,166,78,125,70,Nerûkë anksèiau,TAIP,TAIP
402,2020,55,Moterys,173,91,140,80,Nerûkë anksèiau,NE,NE
403,2020,56,Moterys,170,63,120,80,Nerûkë anksèiau,NE,NE
405,2020,53,Vyrai,178,100,140,90,Nerûkë anksèiau,TAIP,TAIP
406,2022,55,Moterys,160,60,115,72,Nerûkë anksèiau,NE,NE
407,2021,51,Moterys,168,56,125,75,Nerûkë anksèiau,TAIP,TAIP
408,2022,55,Moterys,158,67,125,80,Nerûkë anksèiau,TAIP,TAIP
413,2022,54,Moterys,167,72,144,96,Nerûkë anksèiau,NE,TAIP
415,2021,47,Vyrai,181,81,140,93,Nerûkë anksèiau,NE,NE
419,2022,46,Vyrai,166,78,165,87,Rûko dabar,TAIP,TAIP
421,2022,50,Moterys,174,63,117,78,Rûko dabar,NE,NE
423,2021,51,Moterys,175,63,125,80,Nerûkë anksèiau,TAIP,TAIP
425,2021,50,Moterys,174,70,100,70,Nerûkë anksèiau,NE,NE
426,2020,60,Moterys,170,63,130,80,Nerûkë anksèiau,TAIP,NE
428,2020,55,Moterys,164,72,125,74,Nerûkë anksèiau,NE,NE
429,2020,45,Vyrai,177,85,120,80,Nerûkë anksèiau,NE,NE
431,2020,45,Vyrai,183,87,130,85,Nerûkë anksèiau,TAIP,TAIP
432,2022,53,Moterys,151,60,130,80,Nerûkë anksèiau,NE,NE
434,2020,45,Vyrai,191,125,130,90,Rûko dabar,NE,TAIP
439,2022,59,Moterys,167,71,170,93,Nerûkë anksèiau,TAIP,NE
442,2020,60,Moterys,162,83,120,70,Rûko dabar,TAIP,TAIP
443,2021,52,Vyrai,179,85,119,83,Nerûkë anksèiau,TAIP,TAIP
444,2020,44,Vyrai,182,90,130,80,Nerûkë anksèiau,NE,NE
445,2021,45,Vyrai,178,120,133,78,Rûkë anksèiau,TAIP,TAIP
446,2020,50,Moterys,170,71,120,80,Nerûkë anksèiau,NE,NE
447,2022,63,Moterys,170,94,125,80,Nerûkë anksèiau,TAIP,TAIP
452,2020,48,Vyrai,194,115,136,100,Nerûkë anksèiau,TAIP,TAIP
454,2021,56,Moterys,164,70,130,80,Nerûkë anksèiau,TAIP,TAIP
455,2020,60,Moterys,156,117,140,90,Nerûkë anksèiau,TAIP,TAIP
460,2020,47,Vyrai,172,83,148,103,Nerûkë anksèiau,NE,NE
463,2020,42,Vyrai,179,94,130,80,Nerûkë anksèiau,TAIP,TAIP
464,2020,56,Moterys,168,80,125,80,Nerûkë anksèiau,TAIP,TAIP
466,2020,46,Vyrai,190,102,115,73,Rûkë anksèiau,NE,NE
471,2021,52,Vyrai,178,118,130,80,Rûkë anksèiau,TAIP,TAIP
478,2020,50,Moterys,168,80,130,80,Rûko dabar,TAIP,TAIP
479,2022,54,Moterys,163,56,147,88,Nerûkë anksèiau,TAIP,NE
480,2022,40,Vyrai,173,80,149,102,Rûko dabar,TAIP,NE
481,2022,43,Vyrai,186,63,130,74,Nerûkë anksèiau,TAIP,TAIP
482,2021,56,Moterys,164,85,142,85,Nerûkë anksèiau,NE,NE
487,2020,62,Moterys,159,76,152,84,Nerûkë anksèiau,TAIP,TAIP
489,2022,51,Moterys,170,90,120,60,Nerûkë anksèiau,NE,TAIP
491,2020,56,Moterys,176,70,120,80,Rûko dabar,NE,NE
494,2020,62,Moterys,154,70,100,60,Nerûkë anksèiau,NE,NE
495,2020,40,Vyrai,184,84,122,82,Nerûkë anksèiau,TAIP,NE
501,2021,61,Moterys,161,87,120,80,Nerûkë anksèiau,TAIP,TAIP
503,2021,60,Moterys,164,97,150,100,Nerûkë anksèiau,TAIP,TAIP
505,2022,51,Moterys,176,57,120,80,Nerûkë anksèiau,NE,NE
506,2021,53,Moterys,166,60,110,70,Nerûkë anksèiau,NE,NE
510,2021,57,Moterys,168,93,135,80,Nerûkë anksèiau,TAIP,NE
513,2020,62,Moterys,164,87,130,80,Nerûkë anksèiau,TAIP,NE
515,2020,46,Vyrai,187,130,150,90,Rûko dabar,NE,TAIP
516,2022,54,Vyrai,185,150,126,80,Rûko dabar,TAIP,TAIP
518,2020,53,Moterys,164,63,140,80,Nerûkë anksèiau,NE,NE
522,2020,52,Moterys,164,100,135,86,Nerûkë anksèiau,TAIP,TAIP
524,2022,62,Moterys,160,75,136,74,Nerûkë anksèiau,NE,TAIP
525,2021,45,Vyrai,176,71,120,80,Rûko dabar,NE,NE
529,2021,63,Moterys,162,78,148,92,Nerûkë anksèiau,TAIP,TAIP
531,2021,63,Moterys,166,87,120,70,Nerûkë anksèiau,NE,NE
532,2020,52,Moterys,164,72,120,80,Nerûkë anksèiau,TAIP,TAIP
537,2021,53,Moterys,160,122,145,95,Rûko dabar,TAIP,TAIP
539,2022,62,Moterys,162,82,130,85,Nerûkë anksèiau,TAIP,TAIP
543,2020,56,Moterys,164,70,120,70,Nerûkë anksèiau,TAIP,TAIP
546,2020,60,Moterys,156,80,157,89,Nerûkë anksèiau,NE,NE
547,2020,50,Moterys,170,95,130,80,Nerûkë anksèiau,NE,NE
551,2020,53,Moterys,166,69,128,80,Nerûkë anksèiau,NE,TAIP
554,2020,63,Moterys,165,57,120,80,Nerûkë anksèiau,NE,NE
556,2022,50,Moterys,164,77,120,80,Rûko dabar,TAIP,TAIP
557,2022,44,Vyrai,175,105,159,100,Rûko dabar,NE,TAIP
558,2020,63,Moterys,162,75,130,80,Nerûkë anksèiau,NE,TAIP
559,2021,52,Moterys,174,87,106,60,Nerûkë anksèiau,TAIP,TAIP
560,2020,57,Moterys,165,98,130,80,Nerûkë anksèiau,TAIP,TAIP
567,2020,42,Vyrai,182,68,140,80,Rûko dabar,TAIP,NE
568,2021,54,Moterys,167,83,130,80,Nerûkë anksèiau,NE,NE
575,2022,51,Moterys,163,69,140,90,Nerûkë anksèiau,NE,NE
576,2022,55,Moterys,166,74,130,80,Nerûkë anksèiau,NE,NE
577,2020,43,Vyrai,183,101,120,80,Nerûkë anksèiau,NE,NE
583,2020,52,Vyrai,178,120,140,80,Nerûkë anksèiau,TAIP,NE
585,2020,54,Moterys,164,52,120,70,Nerûkë anksèiau,TAIP,TAIP
587,2022,47,Vyrai,186,105,120,80,Nerûkë anksèiau,TAIP,TAIP
588,2020,55,Moterys,160,55,120,80,Nerûkë anksèiau,NE,NE
593,2020,52,Moterys,159,78,130,90,Nerûkë anksèiau,TAIP,NE
596,2021,43,Vyrai,181,65,110,70,Rûko dabar,NE,NE
597,2022,40,Vyrai,198,97,138,94,Nerûkë anksèiau,TAIP,NE
601,2021,51,Moterys,172,70,132,82,Nerûkë anksèiau,TAIP,TAIP
603,2020,50,Moterys,160,100,150,100,Rûkë anksèiau,NE,NE
605,2021,56,Moterys,175,80,120,80,Nerûkë anksèiau,NE,NE
606,2022,58,Moterys,164,69,130,80,Rûko dabar,NE,TAIP
608,2021,55,Moterys,158,60,130,80,Nerûkë anksèiau,NE,NE
610,2020,51,Vyrai,172,82,130,80,Rûkë anksèiau,TAIP,TAIP
611,2021,53,Moterys,196,70,109,79,Nerûkë anksèiau,NE,TAIP
612,2022,40,Vyrai,185,76,120,80,Rûko dabar,NE,NE
615,2021,62,Moterys,151,60,120,80,Nerûkë anksèiau,TAIP,TAIP
620,2021,63,Moterys,160,74,120,70,Nerûkë anksèiau,TAIP,NE
621,2021,53,Moterys,158,71,119,75,Nerûkë anksèiau,NE,NE
623,2020,60,Moterys,175,85,128,75,Rûko dabar,TAIP,TAIP
625,2020,62,Moterys,161,65,120,80,Nerûkë anksèiau,TAIP,TAIP
628,2021,52,Moterys,174,69,160,90,Rûko dabar,TAIP,NE
629,2022,51,Moterys,168,64,130,70,Nerûkë anksèiau,TAIP,NE
630,2020,56,Moterys,170,80,122,79,Nerûkë anksèiau,NE,NE
631,2021,59,Moterys,168,92,150,80,Nerûkë anksèiau,TAIP,NE
633,2022,55,Moterys,164,60,120,80,Nerûkë anksèiau,NE,NE
635,2020,56,Moterys,178,90,120,80,Nerûkë anksèiau,NE,NE
637,2021,62,Moterys,162,76,150,95,Nerûkë anksèiau,NE,NE
638,2020,64,Moterys,170,68,110,70,Nerûkë anksèiau,NE,NE
641,2020,52,Vyrai,172,72,126,86,Rûko dabar,TAIP,NE
649,2022,54,Vyrai,178,98,130,80,Rûko dabar,NE,NE
650,2021,40,Vyrai,185,80,120,80,Rûkë anksèiau,TAIP,NE
652,2022,50,Vyrai,185,81,130,80,Nerûkë anksèiau,TAIP,TAIP
656,2020,63,Moterys,156,62,110,70,Nerûkë anksèiau,NE,NE
658,2021,40,Vyrai,185,75,120,62,Rûko dabar,NE,NE
659,2020,60,Moterys,163,84,130,70,Nerûkë anksèiau,TAIP,TAIP
660,2020,46,Vyrai,178,68,120,80,Rûko dabar,NE,NE
663,2022,59,Moterys,154,92,150,90,Nerûkë anksèiau,TAIP,TAIP
664,2021,61,Moterys,184,100,140,80,Nerûkë anksèiau,NE,TAIP
666,2020,48,Vyrai,168,74,210,124,Nerûkë anksèiau,TAIP,TAIP
670,2020,54,Moterys,164,63,120,80,Rûko dabar,TAIP,TAIP
672,2022,59,Moterys,167,95,140,85,Nerûkë anksèiau,TAIP,TAIP
673,2021,64,Moterys,160,97,140,80,Nerûkë anksèiau,TAIP,TAIP
674,2021,47,Vyrai,172,75,130,80,Nerûkë anksèiau,TAIP,TAIP
677,2021,58,Moterys,163,75,120,70,Nerûkë anksèiau,NE,TAIP
679,2020,50,Vyrai,178,88,140,90,Nerûkë anksèiau,TAIP,NE
680,2021,40,Vyrai,172,70,125,80,Nerûkë anksèiau,TAIP,NE
681,2022,60,Moterys,157,72,120,80,Nerûkë anksèiau,NE,TAIP
683,2020,57,Moterys,170,67,110,70,Nerûkë anksèiau,TAIP,TAIP
685,2021,55,Moterys,162,72,115,77,Nerûkë anksèiau,NE,NE
690,2020,62,Moterys,162,90,150,90,Nerûkë anksèiau,TAIP,TAIP
692,2022,46,Vyrai,174,117,124,78,Nerûkë anksèiau,NE,NE
693,2020,43,Vyrai,173,73,135,80,Rûkë anksèiau,TAIP,NE
694,2022,57,Moterys,156,63,125,80,Nerûkë anksèiau,TAIP,NE
695,2021,54,Moterys,174,90,138,78,Nerûkë anksèiau,NE,TAIP
696,2020,61,Moterys,168,75,140,90,Nerûkë anksèiau,TAIP,TAIP
697,2020,46,Vyrai,175,85,160,85,Nerûkë anksèiau,NE,NE
